{
  "trained_at": "2026-02-01T11:46:49.436407",
  "n_samples": 784,
  "n_folds": 18,
  "feature_cols": [
    "hsi_prev_close",
    "hsi_change_pct",
    "hsi_ema20",
    "hsi_ma5",
    "hsi_volatility",
    "spx_close",
    "spx_change_pct",
    "ndx_close",
    "ndx_change_pct",
    "usdcnh",
    "usdcnh_change_pct",
    "vix",
    "vix_change_pct",
    "fxi_close",
    "fxi_change_pct",
    "day_of_week"
  ],
  "summary": {
    "high": {
      "xgb": {
        "mean": 0.7997972772956449,
        "std": 0.2941620277906805
      },
      "lgb": {
        "mean": 0.7011002494158349,
        "std": 0.17249609700272053
      },
      "cat": {
        "mean": 0.699808631577236,
        "std": 0.1772783015065095
      },
      "ensemble": {
        "mean": 0.7239044848785996,
        "std": 0.22689856008021644
      }
    },
    "low": {
      "xgb": {
        "mean": 2.459217183539465,
        "std": 2.574814699684732
      },
      "lgb": {
        "mean": 0.9397561826098185,
        "std": 0.34617647181396816
      },
      "cat": {
        "mean": 1.3672528646695632,
        "std": 0.9682772273600719
      },
      "ensemble": {
        "mean": 1.2999525185289447,
        "std": 0.8288842187301835
      }
    },
    "direction": {
      "xgb": {
        "mean": 0.46737771085597163,
        "std": 0.08452514727014553
      },
      "lgb": {
        "mean": 0.4706140075705294,
        "std": 0.12082066954068199
      },
      "cat": {
        "mean": 0.5066770186335403,
        "std": 0.0992718905214306
      },
      "ensemble": {
        "mean": 0.4604800593931028,
        "std": 0.1144774611113257
      }
    }
  },
  "final_weights": {
    "high": {
      "xgb": 0.2,
      "lgb": 0.25,
      "cat": 0.55
    },
    "low": {
      "xgb": 0.2,
      "lgb": 0.25,
      "cat": 0.55
    },
    "direction": {
      "xgb": 0.3,
      "lgb": 0.25,
      "cat": 0.44999999999999996
    }
  }
}