{
  "range_high": {
    "mae": 0.504137191800238,
    "rmse": 0.645138922923187,
    "within_0.5%": 0.5625,
    "within_1.0%": 0.9183673469387755
  },
  "range_low": {
    "mae": 0.4803650276439278,
    "rmse": 0.6140262537125216,
    "within_0.5%": 0.5727040816326531,
    "within_1.0%": 0.9272959183673469
  },
  "direction": {
    "accuracy": 0.7232142857142857,
    "auc_roc": 0.8083637311099531,
    "precision": 0.7587301587301587,
    "recall": 0.6289473684210526,
    "confusion_matrix": {
      "tn": 328,
      "fp": 76,
      "fn": 141,
      "tp": 239
    }
  }
}